Id,Employee_Name,Employee_Salary,Employee_Age,Profile_Image
319,sulfb,123,23,
320,uboua,123,23,
321,squyi,123,23,
322,hinnw,123,23,
323,fvaau,123,23,
324,mzucc,123,23,
325,xdyrq,123,23,
326,qjcmy,123,23,
327,acrdk,123,23,
328,jizis,123,23,
329,ugtyu,123,23,
330,hhflm,123,23,
331,zcztu,123,23,
332,xvjra,123,23,
333,jbhqq,123,23,
334,pdjsl,123,23,
335,wzvht,123,23,
336,opuss,123,23,
337,msdgo,123,23,
338,dpget,123,23,
339,pozbc,123,23,
340,crbpt,123,23,
341,gtqpf,123,23,
342,gwgfk,123,23,
343,wvcsc,123,23,
344,tqmel,123,23,
345,pbbpe,123,23,
346,xwduu,123,23,
347,ktqhf,123,23,
348,wazyh,123,23,
349,dfxcl,123,23,
350,vxkfs,123,23,
351,wiyqp,123,23,
352,trico,123,23,
353,tlqsu,123,23,
354,bfzqc,123,23,
355,deggy,123,23,
356,xgyit,123,23,
357,kiczp,123,23,
358,rlxlc,123,23,
363,reshma hegde,563,23,
364,koushick,21564,25,
367,xxxxFyyy,25,124777,
390,Pratul dubey,1299,45,
418,te111st,123,23,
426,rtu,799,25,
433,dinesh,8888,8888,
460,8888888,8888,8888,
461,Visu,9999,24,
463,ROCKY2345EDCFF,123,23,
465,DineshKumar,123,28,
466,khannaRhythm17,23000,23,
478,MOnika,123,23,
482,sinuuuf,1232,2213,
486,heroooo,123,23,
491,qwer,2525,25,
500,A5q7u9kvrx,100,20,
501,Mgku6ieldr,100,20,
502,Ieq2woffon,200,21,
505,A34tyjlnli,100,20,
510,Ruchita123,123,23,
512,PUTIN,123,23,
531,8822288888,8888,8888,
535,Akhil,12,11,
539,qwerty,2525,25,
545,resh hegde,563,23,
546,6,5,4,
551,test1564,123,23,
554,Deepak Kalal,4500000,23,
561,test1564475,123,23,
564,RETYUiop,789658963,78,
565,Uyyuukkk,2233444,22,
578,abcdeasg,123,23,
579,xhgs,0,2553,
580,Ghhy,23343,22,
581,gsdfh,0,1254,
582,suve,123,30,
583,Dgjlkhhg,4433,87,
587,SDFGTYU,454678,456,
588,new entry1,54321,23,
590,sunita,123,23,
591,nisha,123,23,
592,Hhhhhhh,7777778,11,
593,Hhhhhh,22222,21,
595,new entry2,5645,28,
597,Llllkkkkkk,877777,21,
600,Hhhhh,466778,22,
604,Ghhhh,22222,21,
605,res,1000000,88,
606,Hhhhhj,338383,88,
607,Gggggg,223444,55,
608,Gfggg,234455,33,
610,Fgyt,112455,11,
612,Swedffg,2234555,22,
614,Ffffff,11244,222,
615,Dffffff,1234,12,
616,Dfffff,1234,12,
618,Anikrtyu,234567,85,
619,Dhdh,363,445,
620,Dhd,363,445,
621,ABCD,217500,35,
622,Fffff,2233,11,
623,Fdfff,1112,2222,
624,Ggtttt,2233,11,
625,Tffgg,12222,11,
626,Ffgh,55,33,
627,Rrtfgg,2233,22,
628,FfRrtfgg,2233,22,
629,FfffRrtfgg,2233,22,
635,FfffRrtfgggghg,2233,22,
639,Ana Drndarevska,9000,25,
640,teddy1,566,65,
642,Natasha,123456789,257,
643,ABC,5000,20,
644,sandeep,2501,38,
648,Dinesh Loganathan,28,250000,
650,Shutestq,234567,43,
653,qwerty1,2525,25,
655,Alexis3,0,38,
658,bnlkdfbq,1234,234,
662,anbarsan,200000000,26,
667,test2,123,23,
670,minty,123,25,
673,adad,3234234,44,
677,test3,123,23,
681,test123,123,23,
684,testasgasg,123123,23,
685,Onur Deneme1,260,26,
686,GP1,1123,23,
702,qwerty0,2525,25,
705,mindy,123,25,
706,qwerty12,2525,25,
708,rob smithson,100000,10,
709,TEST_RN,1,5,
710,fred smithson,100000,10,
711,test5556,123,23,
723,pankaj,1234,50,
728,suresh,4000,25,
729,ramesh,5000,26,
730,raghav,6000,27,
740,ven,123,30,
743,JAGPILKD,123,23,
750,testwer,1233,23,
753,bijimol,2500,28,
756,testwerasd,1233,23,
757,tewerasd,1233,23,
759,abc1,123,23,
760,kiran,1234,25,
762,kiran sai,1234,25,
768,n,234,32,
784,tes12t,123,23,
786,tes2121t,12,43,
787,vmq-9,221317,22,
788,shruthi adumudhalaaaaaaaaaa,123999999,23,
789,abv,13998,21,
790,vmq-10,221317,22,
795,hfdvf,10000,30,
796,Samig,0,0,
798,Samii,0,0,
803,SamiE,0,0,
804,aabc1,12345,40,
805,Samia,0,0,
807,SamiB,0,0,
808,ghanshyam,25,12,
809,Samif,0,0,
810,Array,0,51,
811,Chetan12312,10000,30,
812,SamiV,0,0,
813,test111111,1233333,23,
815,Arti,12345,23,
816,Jai12345121,1234,23,
817,Jai12346222,1234567,32,
818,Jai12347323,1234,21,
819,Jai12348424,5467,43,
820,Jai12349525,4567,43,
827,Sahasraa,345,28,
831,test1,123,23,
832,perumal,0,1255,
836,sai,1234,25,
837,JAG2,123,23,
838,JAG3,123,23,
840,Supriya Mane,12453,23,
842,ajay,12345,25,
845,GP,123,16,
849,hdhjd,123,23,
856,lord_bolton,213321,23,
871,Rock Neil,45000,29,
879,qwerty12653,2525,25,
886,deniztanverdi,1440,25,
894,pankaj59,12345,500,
901,vmq-20,221317,22,
910,Debashish Ghosh,23000,35,
916,test12,3123,23,
918,Data,2300,35,
920,vksdh,234,43,
921,Chaitali Das,2300,21,
924,Hoang 636997365742487996,500,28,
925,MonicaBalu,2222,26,
926,Rani Mukharji,74185,4565,
927,Pooja Karmakar,2300,25,
928,test,123,23,
933,P B,2300,21,
938,item56105,123,23,
940,Vina Chaturvadi,2147483647,78,
948,test224,123,23,
949,Vina Gupta,1213,21,
954,asdasdasdasdasd,2147483647,2147483647,
956,asdasdasd,2147483647,2147483647,
958,1564141576047,2147483647,2147483647,
959,abvwewewe,13998,21,
963,pqr123,50,80000,
965,xyz1234,30,40000,
966,pqr1234,50,80000,
967,abcd1234,40,30000,
968,xyza1234,30,40000,
969,pqrs1234,50,80000,
970,diyaa,2500,33,
974,Mehdi,200,12,
1010,bnldfkbq,12345,43,
1025,Subhash,75000,27,
1026,JAG5,123,23,
1049,abc123445555,123,23,
1077,item23039,123,23,
1088,asa,0,0,
1099,85093,123,23,
1100,item37967,123,23,
1101,Z0g5fklqmx,100,20,
1102,Ggnruj60cb,100,20,
1103,B3jctmkrdo,200,21,
1104,item74332,123,23,
1106,Xzl3ncrhd0,100,20,
1116,item74836,123,23,
1136,item72878,123,23,
1137,item61756,123,23,
1138,stannis,2147483647,23,
1142,nlkegn,123,87,
1156,ramsay,2147483647,23,
1161,hello,567,25,
1172,kumar,5657,22,
1175,kumr,507,27,
1186,krtmr,607,247,
1189,bert,2147483647,23,
1192,krt6r,657,47,
1210,krt68r,6587,487,
1290,33174,123,23,
1291,item25496,123,23,
1292,item14834,123,23,
1293,item3421,123,23,
1324,employeeTest42,15100,23,
1329,JOHNNY120,30,40000,
1330,DAVID125,34,50000,
1331,JAMES124,40,60000,
1332,AUSTIN133,25,24000,
1333,SCOTT156,50,73000,
1339,employeeTest45,15100,23,
1353,atestwer,1233,23,
1363,item23410,123,23,
1364,johnCau,63,63,
1367,item55075,123,23,
1368,Prateek kkumar jha,50238,45,
1376,28386,123,23,
1377,item39158,123,23,
1379,item19989,123,23,
1380,item71962,123,23,
1383,item70667,123,23,
1384,item75111,123,23,
1385,item60060,123,23,
1386,item68131,123,23,
1387,item59383,123,23,
1388,item48598,123,23,
1391,item81753,123,23,
1396,employee_VA,124,30,
1398,item91309,123,23,
1399,item15080,123,23,
1400,item85588,123,23,
1401,order97319,123,23,
1403,60632,123,23,
1404,40682,123,23,
1420,employee_f1,124,30,
1422,dsuaa,1123,23,
1423,employeeTest22,15100,23,
1427,37096,123,23,
1428,item53435,123,23,
1430,ranji,123,30,
1431,item72448,123,23,
1432,item33947,123,23,
1433,item46626,123,23,
1434,item65954,123,23,
1435,item21178,123,23,
1436,item53601,123,23,
1437,nsdslkcknc,1234,123,
1440,employee_Eu,124,30,
1441,item76363,123,23,
1442,item23354,123,23,
1443,item25769,123,23,
1444,item61809,123,23,
1445,item12616,123,23,
1446,item65079,123,23,
1447,item9401,123,23,
1448,item71595,123,23,
1449,item75800,123,23,
1450,order55699,123,23,
1451,Thomas,25000,23,
1452,17789,123,23,
1453,65365,123,23,
1454,59189,123,23,
1455,FiniPeutetre,0,175896321,
1457,test1324,342,23,
1460,test14324,342,23,
1464,arpan,123,23,
1466,hola1234,123,54,
1468,hola7888.5527122241665,123,89,
1470,hola958,123,13,
1472,branka,123,23,
1473,testrest123,323232,23,
1474,matias2103,123,48,
1475,802,123,23,
1476,item85244,123,23,
1477,item93167,123,23,
1478,matias8912,123,59,
1479,item72681,123,23,
1480,matias9694,123,20,
1481,matias8352,123,8,
1482,matias2679,123,19,
1483,matias9304,123,84,
1484,matias8705,123,79,
1485,matias5241,2151,86,
1486,matias4036,9478,81,
1487,matias3566,1980,81,
1488,matias8242,7410,41,
1489,item91247,123,23,
1490,item20595,123,23,
1491,item98089,123,23,
1492,item41298,123,23,
1493,matias3844,7472,53,
1494,matias8535,7584,56,
1495,item86567,123,23,
1496,item69207,123,23,
1497,matias4465,1803,80,
1498,matias2181,3152,57,
1499,matias8994,2193,52,
1500,matias7312,9231,20,
1501,matias6471,3937,78,
1502,matias2,8046,86,
1503,matias7114,2658,82,
1504,matias784,4804,38,
1507,matias6194,1350,68,
1511,matias1601,2076,46,
1514,matias3500,2314,95,
1515,item57837,123,23,
1517,item12726,123,23,
1519,item50734,123,23,
1520,item5516,123,23,
1521,item19065,123,23,
1522,employee_Ub,124,30,
1523,item37005,123,23,
1524,item48603,123,23,
1525,Cory1,200000,41,
1526,Martin1,300000,45,
1527,Clark1,400000,50,
1528,John1,500000,55,
1529,Sierre1,600000,60,
1530,matias84823,5353,64,
1531,item53584,123,23,
1532,item71181,123,23,
1533,item59459,123,23,
1534,matias70141,898,54,
1535,item52598,123,23,
1536,matias84686,8882,83,
1539,item77261,123,23,
1540,item62830,123,23,
1541,item49915,123,23,
1542,item89509,123,23,
1543,item68393,123,23,
1544,David Mercer,1000000,35,
1545,item27107,123,23,
1546,employee_eH,124,30,
1547,employee_6q,124,30,
1550,rinto,456,30,
1554,buuuuuu,1215,2222,
1561,guga,1124,24,
1574,matias468,2,55,
1588,rename48851,2,55,
1591,matias32987,5555,55,
1593,{{renameS}},5555,55,
1600,william,1123,23,
1602,matias90822,3119,68,
1603,matias65845,496,34,
1604,matias84529,7043,61,
1605,matias34511,2224,92,
1606,matias50848,872,25,
1607,matias34021,9958,24,
1608,matias78996,1357,36,
1609,matias16107,868,59,
1611,matias39470,9962,91,
1613,matias36687,5647,89,
1616,matias21859,7304,97,
1617,test 2,123,23,
1618,matias78686,3495,97,
1626,shiva,123,23,
1628,shivaraj,123,23,
1629,prubagabs,1200,24,
1633,YAHOOOO726148,148,25,
1635,test88888,123,23,
1636,Ademar Jorge da Costa Filho,1114,9397,
1637,nagarjuna1,855000,31,
1642,xo249498,0,0,
1643,xo960131,876249,3,
1644,xo799115,434125,59,
1645,xo929503,408541,96,
1646,xo77267,156631,53,
1647,xo85344,431305,81,
1649,xo201570,654659,16,
1650,xo564002,155152,53,
1651,xo37535,663341,83,
1653,testuy765,123,23,
1654,xo425738,838889,39,
1655,xo649368,410280,92,
1657,xo525663,156924,91,
1658,xo555755,244290,5,
1660,xo44928,601466,57,
1661,xo355825,344831,53,
1662,xo690148,763516,91,
1668,xo168826,241238,70,
1669,sssssd,0,23,
1671,sad,123,12,
1672,xo102879,314220,30,
1673,pratik,1000000,28,
1678,testzxwq123,123,23,
1680,SampleAPItest,12345,30,
1682,testnew,123,23,
1684,HJ TEST,123,23,
1686,QC-Test,123,23,
1691,QC-Test123123123,123,23,
1698,testzxwq323,123,23,
1699,Lena1,95000,23,
1700,testzxwq523,123,23,
1702,Susie,123,23,
1704,testzxwq623,123,23,
1710,xyx1111,1000,34,
1720,Neel Gupta,30000,28,
1728,sf431,123,23,
1729,rohit,123,23,
1732,sachin,12344,23,
1734,nagendra,12344,23,
1737,tecadmin2,233,255,
1742,samay 1f61b908-d2ac-4f1a-887e-cccb1a2edea5 ,123,33,
1743,testEEEEEE,123,23,
1745,Alexbj,93172,0,
1746,AlexCz,36911,56,
1747,AlexIR,47050,87,
1748,AlexzW,96308,57,
1749,Alexyx,59358,13,
1750,Alexpi,94073,49,
1765,lilly23,3344,34,
1770,samay c52ee75e-ba37-4cbe-8a3b-3bf91539e34a ,123,33,
1772,miny,123,25,
1774,kavya,123,27,
1781,JOHNNY1202,30,40000,
1784,AUSTIN1333,25,24000,
1788,harish,2000,26,
1791,Mahesh,123,23,
1792,samay 56d57a79-0e07-4e42-835b-1eef9a2c134e ,123,33,
1794,ram,2000,26,
1799,pavi hegde,563,23,
1802,Supriyaa Mane,12453,23,
1803,Jaimin Belani,123,23,
1805,testsrfg,123,23,
1806,skfehfn fkfhe fefef wefoei,1000,23,
1809,samay 4c98f6b2-bde1-46d6-95b7-34edcb02c864 ,123,33,
1810,zzzzzzzzzzzzzzzzzzz,23,31,
1812,kd haoiwq wodiwd qwdwqoid,1220,12,
1813,kdufaf khww dkwuhdw d,1222,23,
1816,dffas dvsd dsfdfd fa,1222,23,
1818,fjfhaf safhaf salskajfas j,1221,22,
1820,oi;ulehrgvewfuidjcbh hbej,34,31,
1822,Hanu12345678,24,3000,
1825,Hanu123456788,24,3000,
1830,Yaroslav,500,30,
1837,EGO,4404,33,
1838,Radhika ,123456,21,
1840,egggo,123,23,
1841,Raju,123,1,
1842,dsfg,12345,1,
1846,name,123412,12,
1847,test2321_edit,1231,23,
1848,NFT20190727_154700,123,23,
1857,samay 8e08e606-baf2-4c19-9371-93841c186f18 ,123,33,
1858,nat01,123,23,
1860,NAT001,123,23,
1862,AA1,123,23,
1869,Rahul Gupta,0,0,
1870,AA502,123,23,
1871,AA2,123,23,
1872,AA503,123,23,
1873,AA3,123,23,
1874,AA504,123,23,
1875,AA4,123,23,
1876,AA505,123,23,
1877,AA5,123,23,
1878,AA506,123,23,
1879,Suraj Gupta,32040,23,
1880,AA6,123,23,
1881,AA507,123,23,
1882,AA7,123,23,
1883,AA508,123,23,
1884,AA8,123,23,
1885,AA509,123,23,
1886,AA510,123,23,
1887,AA9,123,23,
1888,AA511,123,23,
1889,AA10,123,23,
1890,AA512,123,23,
1891,AA11,123,23,
1892,AA513,123,23,
1893,AA12,123,23,
1894,AA514,123,23,
1895,AA13,123,23,
1896,AA515,123,23,
1897,AA14,123,23,
1898,AA516,123,23,
1899,AA15,123,23,
1900,AA517,123,23,
1901,AA16,123,23,
1902,AA518,123,23,
1903,AA17,123,23,
1904,AA519,123,23,
1905,AA18,123,23,
1906,AA520,123,23,
1907,AA19,123,23,
1908,AA521,123,23,
1912,tes23t123,123,23,
1913,testdemo,123,23,
1916,samay 812a45bc-ac4e-4d13-b8af-9f5c47268565 ,123,33,
1917,ICtest,123,23,
1920,ICtest9,123,23,
1921,ICtest1,123,23,
1939,samay 7cf3b6a3-d874-4b38-bca2-0cd99b2f2df5 ,123,33,
1953,ramq,50000,28,
1957,samay 416fc28a-06fb-44c5-97fb-6675ec2a8f49 ,123,33,
1959,Bhuvana,50000,30,
1962,gowri,123,23,
1965,1564232352934,2147483647,2147483647,
1966,1564232480015,2147483647,2147483647,
1967,1564232480116,2147483647,2147483647,
1968,1564232480216,2147483647,2147483647,
1969,1564232480321,2147483647,2147483647,
1970,1564232480416,2147483647,2147483647,
1971,1564232480516,2147483647,2147483647,
1972,1564232480632,2147483647,2147483647,
1973,1564232480716,2147483647,2147483647,
1974,1564232480616,2147483647,2147483647,
1975,1564232480761,2147483647,2147483647,
1976,1564232480817,2147483647,2147483647,
1977,1564232480901,2147483647,2147483647,
1978,1564232481212,2147483647,2147483647,
1979,1564232481215,2147483647,2147483647,
1980,1564232480917,2147483647,2147483647,
1981,1564232481355,2147483647,2147483647,
1982,1564232481497,2147483647,2147483647,
1983,1564232481436,2147483647,2147483647,
1985,1564232481611,2147483647,2147483647,
1986,1564232481615,2147483647,2147483647,
1987,1564232482190,2147483647,2147483647,
1988,1564232482205,2147483647,2147483647,
1989,1564232482196,2147483647,2147483647,
1990,1564232482202,2147483647,2147483647,
1991,1564232482448,2147483647,2147483647,
1992,1564232482549,2147483647,2147483647,
1993,1564232482508,2147483647,2147483647,
1994,1564232482581,2147483647,2147483647,
1995,1564232482480,2147483647,2147483647,
1996,1564232483318,2147483647,2147483647,
1998,1564232483310,2147483647,2147483647,
1999,1564232483324,2147483647,2147483647,
2000,1564232483421,2147483647,2147483647,
2001,1564232483516,2147483647,2147483647,
2002,1564232483514,2147483647,2147483647,
2003,1564232483508,2147483647,2147483647,
2004,1564232483518,2147483647,2147483647,
2005,1564232483524,2147483647,2147483647,
2006,1564232484400,2147483647,2147483647,
2007,1564232484600,2147483647,2147483647,
2008,1564232484407,2147483647,2147483647,
2009,1564232484603,2147483647,2147483647,
2010,1564232484363,2147483647,2147483647,
2011,1564232484366,2147483647,2147483647,
2012,1564232484409,2147483647,2147483647,
2013,1564232484648,2147483647,2147483647,
2014,1564232484643,2147483647,2147483647,
2015,1564232484614,2147483647,2147483647,
2016,1564232485838,2147483647,2147483647,
2017,1564232485872,2147483647,2147483647,
2018,1564232485905,2147483647,2147483647,
2019,1564232485870,2147483647,2147483647,
2020,1564232485911,2147483647,2147483647,
2021,1564232485928,2147483647,2147483647,
2022,1564232485920,2147483647,2147483647,
2023,1564232485921,2147483647,2147483647,
2025,samay 7836e003-94b1-4315-82ef-2836834981f8 ,123,33,
2026,1564232485927,2147483647,2147483647,
2027,1564232486880,2147483647,2147483647,
2028,1564232486909,2147483647,2147483647,
2029,1564232486924,2147483647,2147483647,
2030,1564232486925,2147483647,2147483647,
2031,1564232486917,2147483647,2147483647,
2032,1564232522744,2147483647,2147483647,
2033,1564232522830,2147483647,2147483647,
2034,1564232485924,2147483647,2147483647,
2035,1564232523040,2147483647,2147483647,
2036,1564232523079,2147483647,2147483647,
2037,1564232523097,2147483647,2147483647,
2038,1564232522122,2147483647,2147483647,
2039,1564232486887,2147483647,2147483647,
2040,1564232523407,2147483647,2147483647,
2041,1564232523479,2147483647,2147483647,
2042,1564232523563,2147483647,2147483647,
2043,1564232523742,2147483647,2147483647,
2044,1564232523812,2147483647,2147483647,
2045,1564232523874,2147483647,2147483647,
2046,1564232523799,2147483647,2147483647,
2047,1564232523843,2147483647,2147483647,
2048,1564232524151,2147483647,2147483647,
2049,1564232524122,2147483647,2147483647,
2050,1564232524241,2147483647,2147483647,
2051,1564232524427,2147483647,2147483647,
2052,1564232524530,2147483647,2147483647,
2053,1564232524557,2147483647,2147483647,
2054,1564232524523,2147483647,2147483647,
2055,1564232524559,2147483647,2147483647,
2056,1564232524884,2147483647,2147483647,
2057,1564232525154,2147483647,2147483647,
2058,1564232525227,2147483647,2147483647,
2059,1564232525594,2147483647,2147483647,
2060,1564232486874,2147483647,2147483647,
2061,1564232486901,2147483647,2147483647,
2062,1564232555346,2147483647,2147483647,
2063,1564232555370,2147483647,2147483647,
2064,1564232555961,2147483647,2147483647,
2065,1564232556094,2147483647,2147483647,
2066,1564232556662,2147483647,2147483647,
2067,1564232557317,2147483647,2147483647,
2069,asasasa,123,23,
2073,oiouu,17623,23,
2074,Maxim,1000,1050,
2077,mrakobesinka_new,123,23,
2079,dfggyuihufhdfgdhjkjkhdsghfg,45,45,
2081,samay 7578a6b7-325c-44ce-a6a7-9806fa3072a7 ,123,33,
2083,bangun,2000000,22,
2088,lul1,0,2,
2091,lul3,0,2,
2092,lul23,10,30,
2097,samay 047dd201-c645-47dc-9f5a-f71272cc6beb ,123,33,
2099,Rest-ApitwAwL,47902,50,
2103,Rest-ApigwRUU,47619,62,
2108,Rest-ApitDAfn,81969,63,
2113,tesww3,1232,223,
2115,testfrk,123,23,
2116,test1ww,1234,25,
2119,testfrk123,20000,45,
2125,test1www,1234,25,
2126,test1wwww,1234,25,
2127,test1wwwwe,1234,25,
2129,test1wwwwed,1234,25,
2130,samay 8c569eea-af15-4757-8bf5-9f0f8b812331 ,123,33,
2131,test1wwwwede,1234,25,
2142,samay e2ec9cf4-dc6c-4994-8086-05c5d6f1e7cb ,123,33,
2149,mizi,123,23,
2150,miziii,123,23,
2151,mizjiii,123,23,
2152,mizjii,123,23,
2156,samay bfa966c6-9540-4354-b8e0-aefd11647c3b ,123,33,
2158,TestName1,123,23,
2159,Test1Name1,123,23,
2161,samay ae641cbe-2280-4f41-bf2f-4768edfb4a5a ,123,33,
2162,Test11sName1,123,23,
2164,Test11Name1,123,23,
2165,Test12Name1,123,23,
2166,Test12aName1,123,23,
2167,Test12aaName1,123,23,
2168,Test12aaName1s,123,23,
2170,Test12aaName1sa,123,23,
2171,Tea,123,23,
2172,Tesa,123,23,
2173,Tesa1,123,23,
2174,Tesa1a,123,23,
2175,Tesa1aa,123,23,
2176,Tesa1aaa,123,23,
2178,samay a89c4762-4f08-43d0-ab4c-617553266db2 ,123,33,
2179,Tesa1aaa1,123,23,
2181,Tesa1aaa11,123,23,
2184,Tesa1aaa11a,123,23,
2185,Tesa1aaa11aa,123,23,
2186,Tesa1aaa11aaa,123,23,
2189,Tesa1aaa11c,123,23,
2190,Tesa1aaa11ca,123,23,
2191,Tesa1aaa11cal,123,23,
2194,samay aa287678-3f83-4ecd-99fa-c376f3ef69c0 ,123,33,
2196,Ted,123,23,
2197,Teda,123,23,
2198,tammy,5000,20,
2199,Teda1,123,23,
2200,Teda1as,123,23,
2203,samay 7d7ad4ac-e42f-4d67-bc89-71b5af9be64d ,123,33,
2205,samay 7fbdfeab-3be9-4424-ad6f-78506b5f1271 ,123,33,
2209,samay 6650d9b7-7d19-4baf-89b4-f581d53eb1c9 ,123,33,
2211,samay 292197c3-ae0a-4029-9b72-dd9fc3bead39 ,123,33,
2212,testing,123,23,
2215,testing1,123,23,
2218,samay 77adc22a-7566-4e66-8307-a241546a89f2 ,123,33,
2219,AlextO,25713,25,
2220,AlexDz,4734,46,
2221,AlexiT,44193,54,
2222,te,123,23,
2223,t,123,23,
2224,test6666,123,23,
2225,AlexSq,36523,24,
2226,AlexZz,67668,32,
2228,Alexvu,35171,35,
2229,test666,123,23,
2233,sf318,123,23,
2236,samay 8657998d-0f60-4022-b794-b4b6810ff80f ,123,33,
2238,Suraja Gupta,32040,23,
2241,AlexMM,81804,86,
2242,AlexUH,30481,52,
2243,AlexDJ,92976,66,
2246,samay 008a1c28-5749-4b41-8d2b-4551e32bc22f ,123,33,
2247,sunshinerU,88,78,
2248,sunshineQs,25,77,
2252,naveen kumar agarwal,1000,12,
2255,testValue,12387,23,
2256,testtttt,123000000,230,
2258,predator-test,123,23,
2308,samay e3c7c4ce-c6ed-4748-9504-f2025e97cb57 ,123,33,
2311,dsfds,123,23,
2312,ICtest4,123,23,
2314,ICtest5,123,23,
2316,ICtest6,123,23,
2320,ICtest7,123,23,
2322,ICtest8,123,23,
2324,ICtest10,112300,23,
2355,samay b1a269b9-b2dc-44d4-8630-f366f4cad512 ,123,33,
2400,Anwar,12345,25,
2407,jann jaan,12345,25,
2409,asdasd,123,23,
2458,Rammy,1200,20,
2463,samay db5c9156-04ca-40b1-b7d8-49003f0111df ,123,33,
2465,Tedas,123,23,
2466,Tedas1,123,23,
2467,2466,123,23,
2468,Tedas1a,123,23,
2469,2468,123,23,
2473,mummoji1,1234,28,
2475,mummoji2,1234,28,
2477,hdjd,1263,23,
2478,mummoji3,1234,28,
2482,hdjdn,1263,23,
2484,bobo,123,23,
2491,Atish,0,0,
2494,samay 99529776-ca3f-4d34-8540-a9a66b91e2cc ,123,33,
2496,tintin,123,23,
2498,Derick,123,26,
2500,tammy123,55000,20,
2502,patrick,123,26,
2504,Tedas12,123,23,
2507,Tedas12a,123,23,
2508,Tedas12aa,123,23,
2510,Tedas12aas,123,23,
2512,Teda3,123,23,
2513,Teda3S,123,23,
2516,Teda3Sc,123,23,
2517,Teda3Scd,123,23,
2518,2517,123,23,
2520,Teda3Scdd,123,23,
2521,2520,123,23,
2522,samay ab7f2aab-aa85-40ef-bbb7-d1d236e20f0b ,123,33,
2530,Patrickson,12345,29,
2531,patrickKg,123,26,
2532,patrickhB,123,26,
2534,patrickbB,123,26,
2536,Teda3sdsd,123,23,
2537,patrick299,123,26,
2539,Patrickson326,12345,29,
2541,Patrickson986,12345,29,
2543,Teda3sd4,123,23,
2544,testabcd,123,23,
2545,Teda3sdss,123,23,
2547,Teda34dss,123,23,
2548,Teda34kkdss,123,23,
2549,Patrickson250,12345,29,
2551,samay 254264de-6c22-448f-ab91-d1950b0777db ,123,33,
2552,Teda444s,123,23,
2554,Teda44ggg4shs,123,23,
2555,Teda364shs,123,23,
2556,Ind,123,37,
2559,Patrickson659,12345,29,
2562,Patrickson2,12345,29,
2564,Patrickson6,12345,29,
2566,Patrickson671,12345,29,
2568,Patrickson267,12345,29,
2569,Patrickson709,12345,29,
2578,Teda36tta,123,23,
2579,Rammykins,120,20,
2580,ICtest11,123,23,
2581,Teda36tta1,123,23,
2582,Rammoo,123,23,
2583,Rammaw,123,23,
2586,prashant,123,23,
2587,Teda36tddta1,123,23,
2592,Teda36tddssta1,123,23,
2593,2592,123,23,
2594,samay 9f13f5da-4524-4abf-b9fb-c7b2591f4a85 ,123,33,
2596,create,1234,25,
2600,asdhajsdhajdha,12000,35,
2601,varundemocreate,20000,34,
2602,prashant12,10000,25,
2603,before create,343434,34,
2611,getidofnew,7890988,45,
2616,test331,4465465,25,
2618,Andrew,100,29,
2628,klasdjhajsd,232,23,
2635,test3310,4465465,25,
2642,qwesdsdsd,232,2,
2649,test33100,4465465,25,
2652,1564318446086test,12345678,12,
2653,gfjhgfgfg,543,6,
2655,gfuiihkgfjgh,545,7,
2656,1564318650922test,123,1,
2657,1564318655679test,12345,2,
2658,1564318668168test,123,1,
2659,1564318673264test,12345,2,
2665,samay 1b074984-ce45-4c2b-b762-7a84a4d02a79 ,123,33,
2672,JOHNNY1204,30,40000,
2677,SCOTT157,51,73001,
2678,SCOTT158,52,73002,
2679,SCOTT159,53,73003,
2680,SCOTT160,54,73004,
2681,SCOTT161,55,73005,
2683,Girish,25,20,
2689,asd,0,0,
2701,1564321264941test,123,1,
2702,1564321268183test,12345,2,
2704,1564321320780test,0,0,
2705,1564321324506test,0,0,
2706,ICtest13,123,23,
2708,ICtest12,123,23,
2709,ICtest121,123,23,
2711,samay 8118d6ef-2352-405a-85e6-3fc1af7ffd92 ,123,33,
2714,asdf,123,23,
2715,Abdullah,111111,12,
2716,Abdul Rahman,111111,19,
2717,sami,190900,33,
2720,lhfkajshflkjhdflakjhdfkljhadsflkjhadsfkljk,190900,33,
2722,testemp,123,23,
2726,asdf1,123,23,
2730,testemp1,1500,23,
2731,asdf2,123,23,
2732,asdf4,123,23,
2736,samay 17508a43-f124-45ad-a5de-b819e5cda050 ,123,33,
2740,TestEmp_079,123,23,
2741,TestEmp_097,1500,23,
2743,TestEmp_070,1500,23,
2744,TestEmp_033,1500,23,
2745,TestEmp_040,1500,23,
2746,TestEmp_010,1500,23,
2747,TestEmp_041,1500,23,
2748,Test1564329599722,123,23,
2750,samay 75f46c69-53aa-4bb5-808b-eeeb4ae1bb56 ,123,33,
2752,testsheetal,123,23,
2753,Test1564330583322,123,23,
2754,Test1564330704438,123,23,
2755,Test1564330740748,123,23,
2758,Test1564330878123,123,23,
2759,Test1564330916450,123,23,
2760,testsheetal11wwwww,123,23,
2763,tes999t,129993,25,
2765,Starscream,9000,50,
2767,test22g,123,23,
2769,fgfgfg,45,45,
2770,Sarah405,123,26,
2771,Test1564332957626,123,23,
2772,Test1564333001802,123,23,
2773,Test1564333082231,123,23,
2774,Test1564333100954,123,23,
2775,Test1564333128467,123,23,
2776,Test1564333288059,123,23,
2777,Test1564333303320,123,23,
2778,Test1564333322265,123,23,
2781,Test1564333614406,123,23,
2782,Test1564333714695,123,23,
2783,Test1564333746790,123,23,
2784,Test1564333784643,123,23,
2785,Test1564333890579,123,23,
2786,samay 60238a11-86e3-42e4-b487-e29ac0558822 ,123,33,
2787,Test1564334000225,123,23,
2788,Sarah769,123,26,
2790,Sarah985,123,26,
2791,Sarah107,123,26,
2794,test243523,123,23,
2796,demo,123,23,
2803,test2435,123,23,
2830,testa,123,134,
2841,harsh,123,23,
2842,subash,123,1,
2880,samay 2402cd0b-5627-481a-9e61-4adfc8f4b7ca ,123,33,
2882,hard,123,23,
2883,wire,1,0,
2884,wires,1,0,
2885,Deep,5000,20,
2887,Test1564339259081,123,23,
2888,Test1564339351635,123,23,
2889,Sarah400,123,26,
2894,testy,123,23,
2896,testyy,123,23,
2897,Test1564340129410,123,23,
2898,Test1564340234509,123,23,
2899,Test1564340297410,123,23,
2900,Test1564340335662,123,23,
2902,samay 2f404b38-d4d0-47dd-921c-5a30420e2c8e ,123,33,
2903,Sarah339,123,26,
2904,Sarah285,123,26,
2905,Sarah218,123,26,
2906,Sarah22,123,26,
2907,asdas,123213,123123,
2908,My Name,12345,23,
2909,sd,34,33,
2910,Sarah855,123,26,
2912,Sarah281,123,26,
2914,Sarah610,123,26,
2915,Sarah322,123,26,
2916,Sarah620,123,26,
2918,Starscream2,9000,50,
2919,Skywarp,9001,51,
2921,test_123,123,23,
2922,Sarah341,123,26,
2923,kk,123,23,
2924,Sarah831,123,26,
2925,samay 67e77cf1-cedc-4dd2-a990-119675a277c6 ,123,33,
2927,Sarah975,123,26,
2928,Sarah666,123,26,
2929,Sarah796,123,26,
2930,Sarah365,123,26,
2934,samay 09d1f99a-8845-471f-ba65-f69eb8b0251f ,123,33,
2937,test___123,123,23,
2941,samay 96505412-5464-40f6-95b1-3ec1020f47d2 ,123,33,
2942,k_123_test,100,101,
2944,TestP12,12345,28,
2946,test1234,123456,25,
2947,Sarah74,123,26,
2950,samay 366806df-891a-48f1-bc01-69b0bbf8b5c6 ,123,33,
2959,Test Faim,1000,35,
2963,testx,123,23,
2965,samay 1e797be3-d120-4269-9c24-db3123d98149 ,123,33,
2968,Test Faim 2,1000,35,
2972,testP,123,23,
2973,faim test 4,123,35,
2975,samay 21f5c780-25b1-4f85-84ae-efe12411775d ,123,33,
2983,kjkkjhjkh,123,23,
2984,jjiooi8,123,23,
2985,,121312312,19,
2986,16640535-0a8d-40da-8e09-94defa246e6a,123,23,
2987,331cec51-cfce-4b55-9b93-0ae1e0653b3f,123,23,
2988,6c2d2154-3496-4734-bee6-ac053d5212b6,123,23,
2989,ee941428-9af9-4625-959f-c4e493dfc045,123,23,
2991,anita1212,121312312,19,
2992,a26ec68f-54ea-41f9-b777-8c6ac2a1718e,123,23,
2993,3c1f7bf2-320c-4147-818b-a43ccb9efdc2,123,23,
2995,196d15c3-5061-4f21-a8e9-f192bdf344c8,123,23,
2996,anita1216,121312312,19,
